{"loss": 0.7333275079727173, "epoch": 99, "_timestamp": 1718093846.8966138, "_runtime": 21.633625745773315, "_step": 99, "_wandb": {"runtime": 21}}