{"loss": 0.3549487888813019, "epoch": 99, "_timestamp": 1718093814.9908931, "_runtime": 26.389929056167603, "_step": 99, "_wandb": {"runtime": 25}}