{"loss": 0.5866561532020569, "epoch": 99, "_timestamp": 1718093199.647543, "_runtime": 18.560879945755005, "_step": 99, "_wandb": {"runtime": 17}}