{"loss": 0.9060608148574829, "epoch": 99, "_timestamp": 1718093779.4704242, "_runtime": 27.18219518661499, "_step": 99, "_wandb": {"runtime": 28}}