{"loss": 0.7391423583030701, "epoch": 199, "_timestamp": 1718093590.1080341, "_runtime": 52.79667115211487, "_step": 199, "_wandb": {"runtime": 54}}