{"loss": 0.5668516755104065, "epoch": 99, "_timestamp": 1718093172.447988, "_runtime": 22.162060022354126, "_step": 99, "_wandb": {"runtime": 22}}